<?xml version="1.0" encoding="UTF-8"?>
<package id="1" uuid="57e6a608-905e-44f6-9017-4feeeb582b97">
  <dateCreated id="2">2019-09-24 11:23:56</dateCreated>
  <name>RelationshipType-1</name>
  <description>Relationship Types </description>
  <openmrsVersion>2.1.1  Build 725db5</openmrsVersion>
  <version>1</version>
  <groupUuid>a4a9099d-4059-47ee-b3ba-112a0f47dab8</groupUuid>
  <modules id="3">
    <entry>
      <string>calculation</string>
      <string>1.2</string>
    </entry>
    <entry>
      <string>legacyui</string>
      <string>1.3.3</string>
    </entry>
    <entry>
      <string>metadatasharing</string>
      <string>1.2.2</string>
    </entry>
    <entry>
      <string>elisatomfeedclient</string>
      <string>0.91-SNAPSHOT</string>
    </entry>
    <entry>
      <string>bedmanagement</string>
      <string>5.8.1</string>
    </entry>
    <entry>
      <string>cameroonappointmentresponseextension</string>
      <string>1.0.0-SNAPSHOT</string>
    </entry>
    <entry>
      <string>providermanagement</string>
      <string>2.5.0</string>
    </entry>
    <entry>
      <string>bacteriology</string>
      <string>1.1</string>
    </entry>
    <entry>
      <string>htmlwidgets</string>
      <string>1.8.0</string>
    </entry>
    <entry>
      <string>reference-data</string>
      <string>0.91-SNAPSHOT</string>
    </entry>
    <entry>
      <string>operationtheater</string>
      <string>1.2.0</string>
    </entry>
    <entry>
      <string>addresshierarchy</string>
      <string>2.12.0-SNAPSHOT</string>
    </entry>
    <entry>
      <string>reportingrest</string>
      <string>1.10.0</string>
    </entry>
    <entry>
      <string>uiframework</string>
      <string>3.8</string>
    </entry>
    <entry>
      <string>rulesengine</string>
      <string>0.91-SNAPSHOT</string>
    </entry>
    <entry>
      <string>idgen-webservices</string>
      <string>1.2-SNAPSHOT</string>
    </entry>
    <entry>
      <string>event</string>
      <string>2.5</string>
    </entry>
    <entry>
      <string>uicommons</string>
      <string>2.0</string>
    </entry>
    <entry>
      <string>reporting</string>
      <string>1.16.0</string>
    </entry>
    <entry>
      <string>emrapi</string>
      <string>1.24.5</string>
    </entry>
    <entry>
      <string>episodes</string>
      <string>1.0-SNAPSHOT</string>
    </entry>
    <entry>
      <string>appointments</string>
      <string>1.2-SNAPSHOT</string>
    </entry>
    <entry>
      <string>idgen</string>
      <string>4.4.1</string>
    </entry>
    <entry>
      <string>auditlog</string>
      <string>1.1-SNAPSHOT</string>
    </entry>
    <entry>
      <string>bahmnicore</string>
      <string>0.92-SNAPSHOT</string>
    </entry>
    <entry>
      <string>uilibrary</string>
      <string>2.0.5</string>
    </entry>
    <entry>
      <string>initializer</string>
      <string>1.2.0-SNAPSHOT</string>
    </entry>
    <entry>
      <string>appframework</string>
      <string>2.10.0</string>
    </entry>
    <entry>
      <string>webservices.rest</string>
      <string>2.25.0-SNAPSHOT.193a64</string>
    </entry>
    <entry>
      <string>openmrs-atomfeed</string>
      <string>2.5.6</string>
    </entry>
    <entry>
      <string>owa</string>
      <string>1.9.0</string>
    </entry>
    <entry>
      <string>metadatamapping</string>
      <string>1.3.1</string>
    </entry>
    <entry>
      <string>bahmni.ie.apps</string>
      <string>0.91-SNAPSHOT</string>
    </entry>
    <entry>
      <string>serialization.xstream</string>
      <string>0.2.12</string>
    </entry>
  </modules>
  <items class="linked-hash-set" id="4">
    <org.openmrs.module.metadatasharing.Item id="5" uuid="03ed3084-4c7a-11e5-9192-080027b662ec">
      <id>2</id>
      <classname>org.openmrs.RelationshipType</classname>
      <dateChanged id="6">2019-09-24 11:22:47</dateChanged>
      <retired>false</retired>
    </org.openmrs.module.metadatasharing.Item>
    <org.openmrs.module.metadatasharing.Item id="7" uuid="03ed79c5-4c7a-11e5-9192-080027b662ec">
      <id>3</id>
      <classname>org.openmrs.RelationshipType</classname>
      <dateChanged id="8">2019-09-24 11:22:47</dateChanged>
      <retired>false</retired>
    </org.openmrs.module.metadatasharing.Item>
    <org.openmrs.module.metadatasharing.Item id="9" uuid="14c53fe4-a040-42e8-bcc4-edfba659a9b5">
      <id>11</id>
      <classname>org.openmrs.RelationshipType</classname>
      <dateChanged id="10">2019-09-24 11:22:47</dateChanged>
      <retired>false</retired>
    </org.openmrs.module.metadatasharing.Item>
    <org.openmrs.module.metadatasharing.Item id="11" uuid="63cf06b2-9edd-4448-9339-b261d12ecd06">
      <id>5</id>
      <classname>org.openmrs.RelationshipType</classname>
      <dateChanged id="12">2019-09-24 11:22:47</dateChanged>
      <retired>false</retired>
    </org.openmrs.module.metadatasharing.Item>
    <org.openmrs.module.metadatasharing.Item id="13" uuid="812e42f6-00c1-4c00-b2e0-e8d947d7188f">
      <id>6</id>
      <classname>org.openmrs.RelationshipType</classname>
      <dateChanged id="14">2019-09-24 11:22:47</dateChanged>
      <retired>false</retired>
    </org.openmrs.module.metadatasharing.Item>
    <org.openmrs.module.metadatasharing.Item id="15" uuid="8c75e50b-43cc-4106-9437-eb2e2f63512d">
      <id>7</id>
      <classname>org.openmrs.RelationshipType</classname>
      <dateChanged id="16">2019-09-24 11:18:17</dateChanged>
      <retired>false</retired>
    </org.openmrs.module.metadatasharing.Item>
    <org.openmrs.module.metadatasharing.Item id="17" uuid="a5778d6e-3aaf-4abc-9a53-26b6d6957b28">
      <id>8</id>
      <classname>org.openmrs.RelationshipType</classname>
      <dateChanged id="18">2019-09-24 11:22:47</dateChanged>
      <retired>false</retired>
    </org.openmrs.module.metadatasharing.Item>
    <org.openmrs.module.metadatasharing.Item id="19" uuid="b15e9124-e560-4006-972c-0d06bee2a6eb">
      <id>9</id>
      <classname>org.openmrs.RelationshipType</classname>
      <dateChanged id="20">2019-09-24 11:22:47</dateChanged>
      <retired>false</retired>
    </org.openmrs.module.metadatasharing.Item>
    <org.openmrs.module.metadatasharing.Item id="21" uuid="b2490cab-c06d-46a9-87cb-1bafb4fabd58">
      <id>10</id>
      <classname>org.openmrs.RelationshipType</classname>
      <dateChanged id="22">2019-09-24 11:22:47</dateChanged>
      <retired>false</retired>
    </org.openmrs.module.metadatasharing.Item>
  </items>
  <relatedItems class="linked-hash-set" id="23"/>
</package>
