<?xml version="1.0" encoding="UTF-8"?>
<list id="1">
  <org.openmrs.RelationshipType id="2" uuid="03ed3084-4c7a-11e5-9192-080027b662ec">
    <description>Relationship between brother/sister, brother/brother, and sister/sister</description>
    <creator/>
    <dateCreated id="3">2015-08-27 10:41:04</dateCreated>
    <changedBy/>
    <dateChanged id="4">2020-01-16 12:31:17</dateChanged>
    <retired>false</retired>
    <relationshipTypeId>2</relationshipTypeId>
    <aIsToB>RELATIONSHIP_SIBLING</aIsToB>
    <bIsToA>RELATIONSHIP_SIBLING</bIsToA>
    <weight>4</weight>
    <preferred>false</preferred>
  </org.openmrs.RelationshipType>
  <org.openmrs.RelationshipType id="5" uuid="03ed79c5-4c7a-11e5-9192-080027b662ec">
    <description>Relationship from a mother to the child</description>
    <creator/>
    <dateCreated id="6">2015-08-27 10:41:04</dateCreated>
    <changedBy/>
    <dateChanged id="7">2020-01-16 12:31:17</dateChanged>
    <retired>false</retired>
    <relationshipTypeId>3</relationshipTypeId>
    <aIsToB>RELATIONSHIP_MOTHER</aIsToB>
    <bIsToA>RELATIONSHIP_CHILD</bIsToA>
    <weight>2</weight>
    <preferred>false</preferred>
  </org.openmrs.RelationshipType>
  <org.openmrs.RelationshipType id="8" uuid="14c53fe4-a040-42e8-bcc4-edfba659a9b5">
    <description>Relationship between child carer and child</description>
    <creator/>
    <dateCreated id="9">2019-09-24 11:06:19</dateCreated>
    <dateChanged id="10">2019-09-24 11:22:47</dateChanged>
    <retired>false</retired>
    <relationshipTypeId>5</relationshipTypeId>
    <aIsToB>RELATIONSHIP_CHILD_CARER</aIsToB>
    <bIsToA>RELATIONSHIP_CHILD</bIsToA>
    <weight>8</weight>
    <preferred>false</preferred>
  </org.openmrs.RelationshipType>
  <org.openmrs.RelationshipType id="11" uuid="63cf06b2-9edd-4448-9339-b261d12ecd06">
    <description>Relationship from &quot;other&quot; to child</description>
    <creator/>
    <dateCreated id="12">2019-02-28 11:23:02</dateCreated>
    <dateChanged id="13">2019-09-24 11:22:47</dateChanged>
    <retired>false</retired>
    <relationshipTypeId>6</relationshipTypeId>
    <aIsToB>RELATIONSHIP_OTHER</aIsToB>
    <bIsToA>RELATIONSHIP_CHILD</bIsToA>
    <weight>9</weight>
    <preferred>false</preferred>
  </org.openmrs.RelationshipType>
  <org.openmrs.RelationshipType id="14" uuid="812e42f6-00c1-4c00-b2e0-e8d947d7188f">
    <description>Relationship a the grandparent to the child</description>
    <creator/>
    <dateCreated id="15">2019-02-28 11:15:09</dateCreated>
    <dateChanged id="16">2019-09-24 11:22:47</dateChanged>
    <retired>false</retired>
    <relationshipTypeId>7</relationshipTypeId>
    <aIsToB>RELATIONSHIP_GRANDPARENT</aIsToB>
    <bIsToA>RELATIONSHIP_CHILD</bIsToA>
    <weight>5</weight>
    <preferred>false</preferred>
  </org.openmrs.RelationshipType>
  <org.openmrs.RelationshipType id="17" uuid="8c75e50b-43cc-4106-9437-eb2e2f63512d">
    <description>Relationship between Partner</description>
    <creator/>
    <dateCreated id="18">2019-02-28 11:12:50</dateCreated>
    <dateChanged id="19">2019-09-24 11:18:17</dateChanged>
    <retired>false</retired>
    <relationshipTypeId>8</relationshipTypeId>
    <aIsToB>RELATIONSHIP_PARTNER</aIsToB>
    <bIsToA>RELATIONSHIP_PARTNER</bIsToA>
    <weight>1</weight>
    <preferred>false</preferred>
  </org.openmrs.RelationshipType>
  <org.openmrs.RelationshipType id="20" uuid="a5778d6e-3aaf-4abc-9a53-26b6d6957b28">
    <description>Relationship from an aunt/uncle to the child</description>
    <creator/>
    <dateCreated id="21">2019-02-28 11:18:54</dateCreated>
    <dateChanged id="22">2019-09-24 11:22:47</dateChanged>
    <retired>false</retired>
    <relationshipTypeId>9</relationshipTypeId>
    <aIsToB>RELATIONSHIP_AUNT_UNCLE</aIsToB>
    <bIsToA>RELATIONSHIP_CHILD</bIsToA>
    <weight>6</weight>
    <preferred>false</preferred>
  </org.openmrs.RelationshipType>
  <org.openmrs.RelationshipType id="23" uuid="b15e9124-e560-4006-972c-0d06bee2a6eb">
    <description>Relationship between cousins</description>
    <creator/>
    <dateCreated id="24">2019-02-28 11:13:49</dateCreated>
    <dateChanged id="25">2019-09-24 11:22:47</dateChanged>
    <retired>false</retired>
    <relationshipTypeId>10</relationshipTypeId>
    <aIsToB>RELATIONSHIP_COUSIN</aIsToB>
    <bIsToA>RELATIONSHIP_COUSIN</bIsToA>
    <weight>7</weight>
    <preferred>false</preferred>
  </org.openmrs.RelationshipType>
  <org.openmrs.RelationshipType id="26" uuid="b2490cab-c06d-46a9-87cb-1bafb4fabd58">
    <description>Relationship from a father to the child</description>
    <creator/>
    <dateCreated id="27">2019-02-28 11:12:50</dateCreated>
    <dateChanged id="28">2019-09-24 11:22:47</dateChanged>
    <retired>false</retired>
    <relationshipTypeId>11</relationshipTypeId>
    <aIsToB>RELATIONSHIP_FATHER</aIsToB>
    <bIsToA>RELATIONSHIP_CHILD</bIsToA>
    <weight>3</weight>
    <preferred>false</preferred>
  </org.openmrs.RelationshipType>
  <org.openmrs.RelationshipType id="29" uuid="ffa5a890-43fd-4824-ab82-a8073b97085e">
    <description>Relationship between spouses</description>
    <creator/>
    <dateCreated id="30">2020-02-13 11:33:50</dateCreated>
    <changedBy/>
    <dateChanged id="31">2020-02-13 11:34:18</dateChanged>
    <retired>false</retired>
    <relationshipTypeId>12</relationshipTypeId>
    <aIsToB>RELATIONSHIP_SPOUSE</aIsToB>
    <bIsToA>RELATIONSHIP_SPOUSE</bIsToA>
    <weight>0</weight>
    <preferred>false</preferred>
  </org.openmrs.RelationshipType>
</list>
