<?xml version="1.0" encoding="UTF-8"?>
<list id="1">
  <org.openmrs.PatientIdentifierType id="2" uuid="2042b38a-fbee-4d58-812e-496022130419">
    <name>REGISTRATION_IDTYPE_1_CNI_KEY</name>
    <description>Cameroon national identifier</description>
    <creator/>
    <dateCreated id="3">2019-02-26 08:26:34</dateCreated>
    <changedBy/>
    <dateChanged id="4">2019-02-28 12:37:57</dateChanged>
    <retired>false</retired>
    <patientIdentifierTypeId>19</patientIdentifierTypeId>
    <required>false</required>
    <checkDigit>false</checkDigit>
    <locationBehavior>NOT_USED</locationBehavior>
    <uniquenessBehavior>UNIQUE</uniquenessBehavior>
  </org.openmrs.PatientIdentifierType>
  <org.openmrs.PatientIdentifierType id="5" uuid="d66a7f67-f559-4ef4-87c8-128de0db22f0">
    <name>REGISTRATION_IDTYPE_5_RECEIPT_KEY</name>
    <description>Receipt number</description>
    <creator/>
    <dateCreated id="6">2019-02-26 08:30:37</dateCreated>
    <changedBy/>
    <dateChanged id="7">2019-03-05 09:37:11</dateChanged>
    <retired>false</retired>
    <patientIdentifierTypeId>20</patientIdentifierTypeId>
    <required>false</required>
    <checkDigit>false</checkDigit>
    <locationBehavior>NOT_USED</locationBehavior>
    <uniquenessBehavior>UNIQUE</uniquenessBehavior>
  </org.openmrs.PatientIdentifierType>
  <org.openmrs.PatientIdentifierType id="8" uuid="270d55d3-337d-4a18-ba21-fe521b3f55e3">
    <name>REGISTRATION_IDTYPE_2_ART_KEY</name>
    <description>Antiretroviral therapy number</description>
    <creator/>
    <dateCreated id="9">2019-02-26 08:27:07</dateCreated>
    <changedBy/>
    <dateChanged id="10">2019-02-28 12:37:57</dateChanged>
    <retired>false</retired>
    <patientIdentifierTypeId>21</patientIdentifierTypeId>
    <required>false</required>
    <checkDigit>false</checkDigit>
    <locationBehavior>NOT_USED</locationBehavior>
    <uniquenessBehavior>UNIQUE</uniquenessBehavior>
  </org.openmrs.PatientIdentifierType>
  <org.openmrs.PatientIdentifierType id="11" uuid="d7372b19-2f36-44df-9113-9c483f4410c9">
    <name>REGISTRATION_IDTYPE_3_ANC_KEY</name>
    <description>ANC</description>
    <creator/>
    <dateCreated id="12">2019-03-05 09:26:05</dateCreated>
    <retired>false</retired>
    <patientIdentifierTypeId>24</patientIdentifierTypeId>
    <required>false</required>
    <checkDigit>false</checkDigit>
    <locationBehavior>NOT_USED</locationBehavior>
    <uniquenessBehavior>UNIQUE</uniquenessBehavior>
  </org.openmrs.PatientIdentifierType>
  <org.openmrs.PatientIdentifierType id="13" uuid="f9870d29-1c19-4bc8-9e42-ca237355c9b8">
    <name>REGISTRATION_IDTYPE_6_OTHER_KEY</name>
    <description>Other identification type</description>
    <creator/>
    <dateCreated id="14">2019-02-26 08:31:05</dateCreated>
    <changedBy/>
    <dateChanged id="15">2019-03-05 09:37:00</dateChanged>
    <retired>false</retired>
    <patientIdentifierTypeId>22</patientIdentifierTypeId>
    <required>false</required>
    <checkDigit>false</checkDigit>
    <locationBehavior>NOT_USED</locationBehavior>
    <uniquenessBehavior>UNIQUE</uniquenessBehavior>
  </org.openmrs.PatientIdentifierType>
  <org.openmrs.PatientIdentifierType id="16" uuid="64e7547a-21b5-4cd1-8607-4d29edccb45a">
    <name>REGISTRATION_IDTYPE_4_PASSPORT_KEY</name>
    <description>Passport</description>
    <creator/>
    <dateCreated id="17">2019-02-26 08:30:10</dateCreated>
    <changedBy/>
    <dateChanged id="18">2019-03-05 09:26:18</dateChanged>
    <retired>false</retired>
    <patientIdentifierTypeId>23</patientIdentifierTypeId>
    <required>false</required>
    <checkDigit>false</checkDigit>
    <locationBehavior>NOT_USED</locationBehavior>
    <uniquenessBehavior>UNIQUE</uniquenessBehavior>
  </org.openmrs.PatientIdentifierType>
</list>
