<?xml version="1.0" encoding="UTF-8"?>
<list id="1">
  <org.openmrs.VisitType id="2" uuid="0cec2833-2914-4516-b6dc-2c8d58d924ec">
    <name>VISIT_TYPE_MINOR_SURGERY</name>
    <description>MINOR SURGERY</description>
    <creator/>
    <dateCreated id="3">2019-04-11 18:47:27</dateCreated>
    <dateChanged id="4">2019-07-04 12:44:17</dateChanged>
    <retired>false</retired>
    <visitTypeId>9</visitTypeId>
  </org.openmrs.VisitType>
  <org.openmrs.VisitType id="5" uuid="19a762fa-143b-41fe-8ec0-d22630234863">
    <name>VISIT_TYPE_MATERNITY</name>
    <description>MATERNITY</description>
    <creator/>
    <dateCreated id="6">2019-04-11 18:46:30</dateCreated>
    <dateChanged id="7">2019-07-04 12:44:17</dateChanged>
    <retired>false</retired>
    <visitTypeId>10</visitTypeId>
  </org.openmrs.VisitType>
  <org.openmrs.VisitType id="8" uuid="1cb46ca4-cf55-4512-9058-eccd042d3a60">
    <name>VISIT_TYPE_OPD</name>
    <description>OPD</description>
    <creator/>
    <dateCreated id="9">2019-04-11 18:47:50</dateCreated>
    <dateChanged id="10">2019-07-04 12:44:17</dateChanged>
    <retired>false</retired>
    <visitTypeId>11</visitTypeId>
  </org.openmrs.VisitType>
  <org.openmrs.VisitType id="11" uuid="34cefcc2-0f50-4589-a487-9a68cdf3c11a">
    <name>VISIT_TYPE_KINESIOLOGY</name>
    <description>KINESIOLOGY</description>
    <creator/>
    <dateCreated id="12">2019-07-04 10:14:51</dateCreated>
    <dateChanged id="13">2019-07-04 12:44:17</dateChanged>
    <retired>false</retired>
    <visitTypeId>12</visitTypeId>
  </org.openmrs.VisitType>
  <org.openmrs.VisitType id="14" uuid="412d71de-64b5-46b5-a3d8-31e15ef1a075">
    <name>VISIT_TYPE_POST_NATAL</name>
    <description>POST NATAL</description>
    <creator/>
    <dateCreated id="15">2019-07-04 10:19:19</dateCreated>
    <dateChanged id="16">2019-07-04 12:44:17</dateChanged>
    <retired>false</retired>
    <visitTypeId>13</visitTypeId>
  </org.openmrs.VisitType>
  <org.openmrs.VisitType id="17" uuid="531bed64-a661-4285-baaa-09a529a81cd0">
    <name>VISIT_TYPE_RHEUMATOLOGY</name>
    <description>RHEUMATOLOGY</description>
    <creator/>
    <dateCreated id="18">2019-07-04 10:21:47</dateCreated>
    <dateChanged id="19">2019-07-04 12:44:17</dateChanged>
    <retired>false</retired>
    <visitTypeId>14</visitTypeId>
  </org.openmrs.VisitType>
  <org.openmrs.VisitType id="20" uuid="660e38b5-2599-4ff5-b3fe-5c3fe0a5cd7e">
    <name>VISIT_TYPE_EMERGENCY</name>
    <description>EMERGENCY</description>
    <creator/>
    <dateCreated id="21">2019-04-11 18:26:39</dateCreated>
    <dateChanged id="22">2019-07-04 12:44:17</dateChanged>
    <retired>false</retired>
    <visitTypeId>15</visitTypeId>
  </org.openmrs.VisitType>
  <org.openmrs.VisitType id="23" uuid="6d8752aa-4233-4ec1-be79-6ca4bdc1e2a4">
    <name>VISIT_TYPE_PHYSIOTHERAPY</name>
    <description>PHYSIOTHERAPY</description>
    <creator/>
    <dateCreated id="24">2019-07-04 10:18:35</dateCreated>
    <dateChanged id="25">2019-07-04 12:44:17</dateChanged>
    <retired>false</retired>
    <visitTypeId>16</visitTypeId>
  </org.openmrs.VisitType>
  <org.openmrs.VisitType id="26" uuid="74c0393a-f5dd-4f4d-98bb-cedda584349b">
    <name>VISIT_TYPE_DELIVERY</name>
    <description>DELIVERY</description>
    <creator/>
    <dateCreated id="27">2019-04-11 17:02:23</dateCreated>
    <dateChanged id="28">2019-07-04 12:44:17</dateChanged>
    <retired>false</retired>
    <visitTypeId>17</visitTypeId>
  </org.openmrs.VisitType>
  <org.openmrs.VisitType id="29" uuid="8f82d1c4-43d1-4f2b-86fb-0484957927a0">
    <name>VISIT_TYPE_NEONATOLOGY</name>
    <description>NEONATOLOGY</description>
    <creator/>
    <dateCreated id="30">2019-07-04 10:17:28</dateCreated>
    <dateChanged id="31">2019-07-04 12:44:17</dateChanged>
    <retired>false</retired>
    <visitTypeId>18</visitTypeId>
  </org.openmrs.VisitType>
  <org.openmrs.VisitType id="32" uuid="976817df-1c8f-46da-8568-f61e5093f814">
    <name>VISIT_TYPE_RADIOLOGY</name>
    <description>RADIOLOGY</description>
    <creator/>
    <dateCreated id="33">2019-04-11 18:50:45</dateCreated>
    <dateChanged id="34">2019-07-04 12:44:17</dateChanged>
    <retired>false</retired>
    <visitTypeId>19</visitTypeId>
  </org.openmrs.VisitType>
  <org.openmrs.VisitType id="35" uuid="9b5f2493-fa75-44f9-80e4-bb389121ea0d">
    <name>VISIT_TYPE_CARDIOLOGY</name>
    <description>CARDIOLOGY</description>
    <creator/>
    <dateCreated id="36">2019-04-11 17:01:23</dateCreated>
    <dateChanged id="37">2019-07-04 12:44:17</dateChanged>
    <retired>false</retired>
    <visitTypeId>20</visitTypeId>
  </org.openmrs.VisitType>
  <org.openmrs.VisitType id="38" uuid="9eb68046-b654-4884-b560-d1275caa84a7">
    <name>VISIT_TYPE_GYNAECOLOGY</name>
    <description>GYNAECOLOGY</description>
    <creator/>
    <dateCreated id="39">2019-04-11 18:44:36</dateCreated>
    <changedBy/>
    <dateChanged id="40">2019-07-10 05:49:50</dateChanged>
    <retired>false</retired>
    <visitTypeId>21</visitTypeId>
  </org.openmrs.VisitType>
  <org.openmrs.VisitType id="41" uuid="a71de1a2-aa43-496a-a533-13f47fad0129">
    <name>VISIT_TYPE_ANC</name>
    <description>ANC</description>
    <creator/>
    <dateCreated id="42">2019-04-11 11:52:51</dateCreated>
    <dateChanged id="43">2019-07-04 12:44:17</dateChanged>
    <retired>false</retired>
    <visitTypeId>22</visitTypeId>
  </org.openmrs.VisitType>
  <org.openmrs.VisitType id="44" uuid="b1d913d1-70d8-4d6e-8aa6-e71f8b60a004">
    <name>VISIT_TYPE_ART_DISPENSATION</name>
    <description>ART DISPENSARY</description>
    <creator/>
    <dateCreated id="45">2019-07-04 12:00:27</dateCreated>
    <dateChanged id="46">2019-07-05 07:35:52</dateChanged>
    <retired>false</retired>
    <visitTypeId>23</visitTypeId>
  </org.openmrs.VisitType>
  <org.openmrs.VisitType id="47" uuid="b7d778bb-53ab-479c-a903-5bf18a62b0f3">
    <name>VISIT_TYPE_FAMILY_PLANNING</name>
    <description>FAMILY PLANNING</description>
    <creator/>
    <dateCreated id="48">2019-07-04 10:13:49</dateCreated>
    <dateChanged id="49">2019-07-05 07:38:57</dateChanged>
    <retired>false</retired>
    <visitTypeId>24</visitTypeId>
  </org.openmrs.VisitType>
  <org.openmrs.VisitType id="50" uuid="b9cb32c9-3f12-11e4-adec-0800271c1b75">
    <name>PHARMACY VISIT</name>
    <description>Visit for syncing sale orders from pharmacy</description>
    <creator/>
    <dateCreated id="51">2014-09-18 00:00:00</dateCreated>
    <changedBy/>
    <dateChanged id="52">2019-07-10 05:38:59</dateChanged>
    <retired>true</retired>
    <dateRetired id="53">2019-04-11 12:18:35</dateRetired>
    <retiredBy/>
    <retireReason>not needed</retireReason>
    <visitTypeId>7</visitTypeId>
  </org.openmrs.VisitType>
  <org.openmrs.VisitType id="54" uuid="bc475481-050a-4938-b00a-e8dc6b9b4c01">
    <name>VISIT_TYPE_ART</name>
    <description>ART</description>
    <creator/>
    <dateCreated id="55">2019-04-11 17:00:26</dateCreated>
    <dateChanged id="56">2019-07-04 12:44:17</dateChanged>
    <retired>false</retired>
    <visitTypeId>25</visitTypeId>
  </org.openmrs.VisitType>
  <org.openmrs.VisitType id="57" uuid="bef32e14-3f12-11e4-adec-0800271c1b75">
    <name>LAB VISIT</name>
    <description>Visits for lab visit by patient when the tests are not ordered through OpenMRS</description>
    <creator/>
    <dateCreated id="58">2014-09-18 00:00:00</dateCreated>
    <changedBy/>
    <dateChanged id="59">2019-07-10 05:38:59</dateChanged>
    <retired>true</retired>
    <dateRetired id="60">2019-04-11 12:18:41</dateRetired>
    <retiredBy/>
    <retireReason>not needed</retireReason>
    <visitTypeId>8</visitTypeId>
  </org.openmrs.VisitType>
  <org.openmrs.VisitType id="61" uuid="c228eab1-3f10-11e4-adec-0800271c1b75">
    <name>IPD</name>
    <description>Visit for patients being admitted</description>
    <creator/>
    <dateCreated id="62">2014-09-18 14:19:53</dateCreated>
    <changedBy/>
    <dateChanged id="63">2019-07-10 05:38:59</dateChanged>
    <retired>true</retired>
    <dateRetired id="64">2019-04-09 11:01:40</dateRetired>
    <retiredBy/>
    <retireReason>not needed</retireReason>
    <visitTypeId>3</visitTypeId>
  </org.openmrs.VisitType>
  <org.openmrs.VisitType id="65" uuid="c22a5000-3f10-11e4-adec-0800271c1b75">
    <name>OPD</name>
    <description>Visit for patients coming for OPD</description>
    <creator/>
    <dateCreated id="66">2014-09-18 14:19:53</dateCreated>
    <changedBy/>
    <dateChanged id="67">2019-07-10 05:38:59</dateChanged>
    <retired>true</retired>
    <dateRetired id="68">2019-04-11 12:18:22</dateRetired>
    <retiredBy/>
    <retireReason>not needed</retireReason>
    <visitTypeId>4</visitTypeId>
  </org.openmrs.VisitType>
  <org.openmrs.VisitType id="69" uuid="c23d6c9d-3f10-11e4-adec-0800271c1b75">
    <name>Special OPD</name>
    <description>Visit for patients coming for Dental, Spine, Skin etc</description>
    <creator/>
    <dateCreated id="70">2014-09-18 14:19:53</dateCreated>
    <changedBy/>
    <dateChanged id="71">2019-07-10 05:38:59</dateChanged>
    <retired>true</retired>
    <dateRetired id="72">2019-04-11 12:18:29</dateRetired>
    <retiredBy/>
    <retireReason>not needed</retireReason>
    <visitTypeId>5</visitTypeId>
  </org.openmrs.VisitType>
  <org.openmrs.VisitType id="73" uuid="c2402997-3f10-11e4-adec-0800271c1b75">
    <name>EMERGENCY</name>
    <description>Emergency patient visit</description>
    <creator/>
    <dateCreated id="74">2014-09-18 14:19:53</dateCreated>
    <changedBy/>
    <dateChanged id="75">2019-07-10 05:38:59</dateChanged>
    <retired>true</retired>
    <dateRetired id="76">2019-04-11 12:19:05</dateRetired>
    <retiredBy/>
    <retireReason>not needed</retireReason>
    <visitTypeId>6</visitTypeId>
  </org.openmrs.VisitType>
  <org.openmrs.VisitType id="77" uuid="c458294a-d526-43f2-9bf3-447f8f963b5a">
    <name>VISIT_TYPE_PSYCHOLOGY</name>
    <description>PSYCHOLOGY</description>
    <creator/>
    <dateCreated id="78">2019-07-04 10:20:50</dateCreated>
    <dateChanged id="79">2019-07-04 12:44:17</dateChanged>
    <retired>false</retired>
    <visitTypeId>26</visitTypeId>
  </org.openmrs.VisitType>
  <org.openmrs.VisitType id="80" uuid="cb5f8bb5-df11-4c9d-974a-62a9e272ebf1">
    <name>VISIT_TYPE_MAJOR_SURGERY</name>
    <description>MAJOR SURGERY</description>
    <creator/>
    <dateCreated id="81">2019-07-04 10:16:03</dateCreated>
    <dateChanged id="82">2019-07-04 12:44:17</dateChanged>
    <retired>false</retired>
    <visitTypeId>27</visitTypeId>
  </org.openmrs.VisitType>
  <org.openmrs.VisitType id="83" uuid="d91e7c8a-0ebe-4792-a332-a175d881fe3a">
    <name>VISIT_TYPE_OPHTHALMOLOGY</name>
    <description>OPHTHALMOLOGY</description>
    <creator/>
    <dateCreated id="84">2019-04-11 18:49:15</dateCreated>
    <dateChanged id="85">2019-07-04 12:44:17</dateChanged>
    <retired>false</retired>
    <visitTypeId>28</visitTypeId>
  </org.openmrs.VisitType>
  <org.openmrs.VisitType id="86" uuid="dc0c872a-97d5-4731-aa00-ab8dd712e761">
    <name>VISIT_TYPE_LABORATORY</name>
    <description>LABORATORY</description>
    <creator/>
    <dateCreated id="87">2019-04-11 18:45:50</dateCreated>
    <dateChanged id="88">2019-07-04 12:44:17</dateChanged>
    <retired>false</retired>
    <visitTypeId>29</visitTypeId>
  </org.openmrs.VisitType>
  <org.openmrs.VisitType id="89" uuid="eda4bd55-7781-4a4d-b02a-40d7488ae586">
    <name>VISIT_TYPE_PEDIATRIC</name>
    <description>PEDIATRIC</description>
    <creator/>
    <dateCreated id="90">2019-04-11 18:50:08</dateCreated>
    <dateChanged id="91">2019-07-04 12:44:17</dateChanged>
    <retired>false</retired>
    <visitTypeId>30</visitTypeId>
  </org.openmrs.VisitType>
  <org.openmrs.VisitType id="92" uuid="f0a00d58-eeb8-4454-a41c-c8c2664313ec">
    <name>VISIT_TYPE_DENTISTRY</name>
    <description>DENTISTRY</description>
    <creator/>
    <dateCreated id="93">2019-04-11 18:04:27</dateCreated>
    <dateChanged id="94">2019-07-04 12:44:17</dateChanged>
    <retired>false</retired>
    <visitTypeId>31</visitTypeId>
  </org.openmrs.VisitType>
</list>
